日期,代號,名稱,產業,來源,共振,收盤,漲跌%,剛站上,快要站上,量能,量比
2026-10-06,2317,鴻海,其他電子業,radar,,256.00,0.79,,,大量黑K,3.18
2026-10-06,6658,聯策,其他電子業,radar,,203.00,1.50,,,大量黑K,9.08
2026-10-06,2383,台光電,電子零組件業,radar,,5995.00,5.18,,,大量黑K,2.77
2026-10-06,1503,士電,電機機械,radar,,197.00,0.51,10,,,
2026-10-06,1514,亞力,電機機械,radar,,103.50,1.47,5/10/60,,,
2026-10-06,3491,昇達科,通信網路業,radar,,1715.00,5.21,,,大量紅K,3.36
2026-10-06,6472,保瑞,生技醫療業,radar,,416.50,-0.95,,20,,
2026-10-06,1101,台泥,水泥工業,radar,,25.20,0.80,,10,,
2026-10-06,2886,兆豐金,金融保險業,radar,,49.30,1.54,5/60,,,
2026-10-06,1513,中興電,電機機械,footprint,,167.00,0.30,10,5,,
2026-10-06,3481,群創,光電業,footprint,,51.10,-2.29,,10,,
2026-10-06,6179,亞通,其他業,footprint,,37.55,5.03,5/10/20,,,
2026-10-06,7855,和運租車,其他業,footprint,,41.40,0.24,5,,,
2026-10-06,2049,上銀,電機機械,footprint,,339.50,-1.74,,60,,
